Quintile,"10th Percentile (Monthly Income, thousand KRW)","90th Percentile (Monthly Income, thousand KRW)"
1st Quintile,973.6855065054174,1260.1411985845232
2nd Quintile,2305.689293107295,2984.121668598509
3rd Quintile,3571.538777571513,4621.846203395346
4th Quintile,5202.738759879917,6730.36047513107
5th Quintile,8839.610190919955,11436.854564710693
